<?xml version="1.0"?>
<doc>
    <assembly>
        <name>EInvoice.AutoUpdater</name>
    </assembly>
    <members>
        <member name="T:EInvoice.AutoUpdater.RemindLaterFormat">
            <summary>
                Enum representing the remind later time span.
            </summary>
        </member>
        <member name="F:EInvoice.AutoUpdater.RemindLaterFormat.Minutes">
            <summary>
                Represents the time span in minutes.
            </summary>
        </member>
        <member name="F:EInvoice.AutoUpdater.RemindLaterFormat.Hours">
            <summary>
                Represents the time span in hours.
            </summary>
        </member>
        <member name="F:EInvoice.AutoUpdater.RemindLaterFormat.Days">
            <summary>
                Represents the time span in days.
            </summary>
        </member>
        <member name="T:EInvoice.AutoUpdater.Mode">
            <summary>
                Enum representing the effect of Mandatory flag.
            </summary>
        </member>
        <member name="F:EInvoice.AutoUpdater.Mode.Normal">
            <summary>
            In this mode, it ignores Remind Later and Skip values set previously and hide both buttons.
            </summary>
        </member>
        <member name="F:EInvoice.AutoUpdater.Mode.Forced">
            <summary>
            In this mode, it won't show close button in addition to Normal mode behaviour.
            </summary>
        </member>
        <member name="F:EInvoice.AutoUpdater.Mode.ForcedDownload">
            <summary>
            In this mode, it will start downloading and applying update without showing standard update dialog in addition to Forced mode behaviour.
            </summary>
        </member>
        <member name="T:EInvoice.AutoUpdater.AutoUpdater">
            <summary>
                Main class that lets you auto update applications by setting some static fields and executing its Start method.
                Forked from https://github.com/ravibpatel/AutoUpdater.NET
            </summary>
        </member>
        <member name="F:EInvoice.AutoUpdater.AutoUpdater.ServiceName">
            <summary>
                Name of the windows service.
            </summary>
        </member>
        <member name="F:EInvoice.AutoUpdater.AutoUpdater.ServiceMode">
            <summary>
                Enable service mode (update a windows service).
            </summary>
        </member>
        <member name="F:EInvoice.AutoUpdater.AutoUpdater.DownloadPath">
            <summary>
                Set it to folder path where you want to download the update file. If not provided then it defaults to Temp folder.
            </summary>
        </member>
        <member name="F:EInvoice.AutoUpdater.AutoUpdater.AppTitle">
            <summary>
                Set the Application Title shown in Update dialog. Although EInvoice.AutoUpdater will get it automatically, you can set this property if you like to give custom Title.
            </summary>
        </member>
        <member name="F:EInvoice.AutoUpdater.AutoUpdater.AppCastURL">
            <summary>
                URL of the xml file that contains information about latest version of the application.
            </summary>
        </member>
        <member name="F:EInvoice.AutoUpdater.AutoUpdater.OpenDownloadPage">
            <summary>
                Opens the download URL in default browser if true. Very usefull if you have portable application.
            </summary>
        </member>
        <member name="F:EInvoice.AutoUpdater.AutoUpdater.BasicAuthDownload">
            <summary>
                Set Basic Authentication credentials required to download the file.
            </summary>
        </member>
        <member name="F:EInvoice.AutoUpdater.AutoUpdater.BasicAuthXML">
            <summary>
                Set Basic Authentication credentials required to download the XML file.
            </summary>
        </member>
        <member name="F:EInvoice.AutoUpdater.AutoUpdater.ShowSkipButton">
            <summary>
                If this is true users can see the skip button.
            </summary>
        </member>
        <member name="F:EInvoice.AutoUpdater.AutoUpdater.ShowRemindLaterButton">
            <summary>
                If this is true users can see the Remind Later button.
            </summary>
        </member>
        <member name="F:EInvoice.AutoUpdater.AutoUpdater.LetUserSelectRemindLater">
            <summary>
                If this is true users see dialog where they can set remind later interval otherwise it will take the interval from
                RemindLaterAt and RemindLaterTimeSpan fields.
            </summary>
        </member>
        <member name="F:EInvoice.AutoUpdater.AutoUpdater.RemindLaterAt">
            <summary>
                Remind Later interval after user should be reminded of update.
            </summary>
        </member>
        <member name="F:EInvoice.AutoUpdater.AutoUpdater.ReportErrors">
            <summary>
                 EInvoice.AutoUpdater will report errors if this is true.
             </summary>
        </member>
        <member name="F:EInvoice.AutoUpdater.AutoUpdater.RunUpdateAsAdmin">
            <summary>
                Set this to false if your application doesn't need administrator privileges to replace the old version.
            </summary>
        </member>
        <member name="F:EInvoice.AutoUpdater.AutoUpdater.Mandatory">
            <summary>
                 Set this to true if you want to ignore previously assigned Remind Later and Skip settings. It will also hide Remind Later and Skip buttons.
             </summary>
        </member>
        <member name="F:EInvoice.AutoUpdater.AutoUpdater.UpdateMode">
            <summary>
                Set this to any of the available modes to change behaviour of the Mandatory flag.
            </summary>
        </member>
        <member name="F:EInvoice.AutoUpdater.AutoUpdater.Proxy">
            <summary>
                Set Proxy server to use for all the web requests in EInvoice.AutoUpdater.
            </summary>
        </member>
        <member name="F:EInvoice.AutoUpdater.AutoUpdater.RemindLaterTimeSpan">
            <summary>
                Set if RemindLaterAt interval should be in Minutes, Hours or Days.
            </summary>
        </member>
        <member name="T:EInvoice.AutoUpdater.AutoUpdater.ApplicationExitEventHandler">
            <summary>
                A delegate type to handle how to exit the application after update is downloaded.
            </summary>
        </member>
        <member name="E:EInvoice.AutoUpdater.AutoUpdater.ApplicationExitEvent">
            <summary>
                An event that developers can use to exit the application gracefully.
            </summary>
        </member>
        <member name="T:EInvoice.AutoUpdater.AutoUpdater.CheckForUpdateEventHandler">
            <summary>
                A delegate type for hooking up update notifications.
            </summary>
            <param name="args">An object containing all the parameters recieved from AppCast XML file. If there will be an error while looking for the XML file then this object will be null.</param>
        </member>
        <member name="E:EInvoice.AutoUpdater.AutoUpdater.CheckForUpdateEvent">
            <summary>
                An event that clients can use to be notified whenever the update is checked.
            </summary>
        </member>
        <member name="T:EInvoice.AutoUpdater.AutoUpdater.ParseUpdateInfoHandler">
            <summary>
                A delegate type for hooking up parsing logic.
            </summary>
            <param name="args">An object containing the AppCast file received from server.</param>
        </member>
        <member name="E:EInvoice.AutoUpdater.AutoUpdater.ParseUpdateInfoEvent">
            <summary>
                An event that clients can use to be notified whenever the AppCast file needs parsing.
            </summary>
        </member>
        <member name="F:EInvoice.AutoUpdater.AutoUpdater.UpdateFormSize">
            <summary>
                Set if you want the default update form to have a different size.
            </summary>
        </member>
        <member name="M:EInvoice.AutoUpdater.AutoUpdater.Start(System.Reflection.Assembly)">
            <summary>
                Start checking for new version of application and display dialog to the user if update is available.
            </summary>
            <param name="myAssembly">Assembly to use for version checking.</param>
        </member>
        <member name="M:EInvoice.AutoUpdater.AutoUpdater.Start(System.String,System.Reflection.Assembly)">
            <summary>
                Start checking for new version of application and display dialog to the user if update is available.
            </summary>
            <param name="appCast">URL of the xml file that contains information about latest version of the application.</param>
            <param name="myAssembly">Assembly to use for version checking.</param>
        </member>
        <member name="M:EInvoice.AutoUpdater.AutoUpdater.ShowUpdateForm">
            <summary>
            Shows standard update dialog.
            </summary>
        </member>
        <member name="M:EInvoice.AutoUpdater.AutoUpdater.Exit">
            <summary>
            Detects and exits all instances of running assembly, including current.
            </summary>
        </member>
        <member name="M:EInvoice.AutoUpdater.AutoUpdater.DownloadUpdate">
            <summary>
                Opens the Download window that download the update and execute the installer when download completes.
            </summary>
        </member>
        <member name="T:EInvoice.AutoUpdater.UpdateInfoEventArgs">
            <summary>
                Object of this class gives you all the details about the update useful in handling the update logic yourself.
            </summary>
        </member>
        <member name="P:EInvoice.AutoUpdater.UpdateInfoEventArgs.IsUpdateAvailable">
            <summary>
                If new update is available then returns true otherwise false.
            </summary>
        </member>
        <member name="P:EInvoice.AutoUpdater.UpdateInfoEventArgs.DownloadURL">
            <summary>
                Download URL of the update file.
            </summary>
        </member>
        <member name="P:EInvoice.AutoUpdater.UpdateInfoEventArgs.ChangelogURL">
            <summary>
                URL of the webpage specifying changes in the new update.
            </summary>
        </member>
        <member name="P:EInvoice.AutoUpdater.UpdateInfoEventArgs.CurrentVersion">
            <summary>
                Returns newest version of the application available to download.
            </summary>
        </member>
        <member name="P:EInvoice.AutoUpdater.UpdateInfoEventArgs.InstalledVersion">
            <summary>
                Returns version of the application currently installed on the user's PC.
            </summary>
        </member>
        <member name="P:EInvoice.AutoUpdater.UpdateInfoEventArgs.Mandatory">
            <summary>
                Shows if the update is required or optional.
            </summary>
        </member>
        <member name="P:EInvoice.AutoUpdater.UpdateInfoEventArgs.UpdateMode">
            <summary>
                Defines how the Mandatory flag should work.
            </summary>
        </member>
        <member name="P:EInvoice.AutoUpdater.UpdateInfoEventArgs.InstallerArgs">
            <summary>
                Command line arguments used by Installer.
            </summary>
        </member>
        <member name="P:EInvoice.AutoUpdater.UpdateInfoEventArgs.Checksum">
            <summary>
                Checksum of the update file.
            </summary>
        </member>
        <member name="P:EInvoice.AutoUpdater.UpdateInfoEventArgs.HashingAlgorithm">
            <summary>
                Hash algorithm that generated the checksum provided in the XML file.
            </summary>
        </member>
        <member name="T:EInvoice.AutoUpdater.ParseUpdateInfoEventArgs">
            <summary>
                An object of this class contains the AppCast file received from server.
            </summary>
        </member>
        <member name="P:EInvoice.AutoUpdater.ParseUpdateInfoEventArgs.RemoteData">
            <summary>
                Remote data received from the AppCast file.
            </summary>
        </member>
        <member name="P:EInvoice.AutoUpdater.ParseUpdateInfoEventArgs.UpdateInfo">
            <summary>
                 Set this object with values received from the AppCast file.
            </summary>
        </member>
        <member name="M:EInvoice.AutoUpdater.ParseUpdateInfoEventArgs.#ctor(System.String)">
            <summary>
                An object containing the AppCast file received from server.
            </summary>
            <param name="remoteData">A string containing remote data received from the AppCast file.</param>
        </member>
        <member name="T:EInvoice.AutoUpdater.BasicAuthentication">
            <summary>
                Provides Basic Authentication header for web request.
            </summary>
        </member>
        <member name="M:EInvoice.AutoUpdater.BasicAuthentication.#ctor(System.String,System.String)">
            <summary>
            Initializes credentials for Basic Authentication.
            </summary>
            <param name="username">Username to use for Basic Authentication</param>
            <param name="password">Password to use for Basic Authentication</param>
        </member>
        <member name="M:EInvoice.AutoUpdater.BasicAuthentication.ToString">
            <inheritdoc />
        </member>
        <member name="F:EInvoice.AutoUpdater.DownloadUpdateDialog.components">
            <summary>
            Required designer variable.
            </summary>
        </member>
        <member name="M:EInvoice.AutoUpdater.DownloadUpdateDialog.Dispose(System.Boolean)">
            <summary>
            Clean up any resources being used.
            </summary>
            <param name="disposing">true if managed resources should be disposed; otherwise, false.</param>
        </member>
        <member name="M:EInvoice.AutoUpdater.DownloadUpdateDialog.InitializeComponent">
            <summary>
            Required method for Designer support - do not modify
            the contents of this method with the code editor.
            </summary>
        </member>
        <member name="T:EInvoice.AutoUpdater.DownloadWorker">
            <inheritdoc />
            <summary>
            </summary>
        </member>
        <member name="P:EInvoice.AutoUpdater.DownloadWorker.IsBusy">
            <summary>
            Status
            </summary>
        </member>
        <member name="E:EInvoice.AutoUpdater.DownloadWorker.OnDownloadProgressChanged">
            <summary>
            Call back action when download progress changed
            </summary>
        </member>
        <member name="E:EInvoice.AutoUpdater.DownloadWorker.OnDownloadCompletedCallBack">
            <summary>
            Call back action when download completed
            </summary>
        </member>
        <member name="M:EInvoice.AutoUpdater.DownloadWorker.#ctor(System.String,System.Text.StringBuilder)">
            <summary>
            Initialize the worker with file url
            </summary>
            <param name="downloadUrl"></param>
            <param name="logBuilder"></param>
        </member>
        <member name="M:EInvoice.AutoUpdater.DownloadWorker.Start">
            <summary>
            Start the worker
            </summary>
        </member>
        <member name="M:EInvoice.AutoUpdater.DownloadWorker.Cancel">
            <summary>
            Cancel the worker
            </summary>
        </member>
        <member name="M:EInvoice.AutoUpdater.DownloadWorker.Dispose">
            <summary>
            GC
            </summary>
        </member>
        <member name="T:EInvoice.AutoUpdater.MyWebClient">
            <inheritdoc />
        </member>
        <member name="F:EInvoice.AutoUpdater.MyWebClient.ResponseUri">
            <summary>
                Response Uri after any redirects.
            </summary>
        </member>
        <member name="M:EInvoice.AutoUpdater.MyWebClient.GetWebResponse(System.Net.WebRequest,System.IAsyncResult)">
            <inheritdoc />
        </member>
        <member name="T:EInvoice.AutoUpdater.DownloadCompletedEventHandler">
            <summary>
            </summary>
            <param name="downloadFile"></param>
            <param name="e"></param>
        </member>
        <member name="F:EInvoice.AutoUpdater.RemindLaterForm.components">
            <summary>
            Required designer variable.
            </summary>
        </member>
        <member name="M:EInvoice.AutoUpdater.RemindLaterForm.Dispose(System.Boolean)">
            <summary>
            Clean up any resources being used.
            </summary>
            <param name="disposing">true if managed resources should be disposed; otherwise, false.</param>
        </member>
        <member name="M:EInvoice.AutoUpdater.RemindLaterForm.InitializeComponent">
            <summary>
            Required method for Designer support - do not modify
            the contents of this method with the code editor.
            </summary>
        </member>
        <member name="F:EInvoice.AutoUpdater.UpdateForm.components">
            <summary>
            Required designer variable.
            </summary>
        </member>
        <member name="M:EInvoice.AutoUpdater.UpdateForm.Dispose(System.Boolean)">
            <summary>
            Clean up any resources being used.
            </summary>
            <param name="disposing">true if managed resources should be disposed; otherwise, false.</param>
        </member>
        <member name="M:EInvoice.AutoUpdater.UpdateForm.InitializeComponent">
            <summary>
            Required method for Designer support - do not modify
            the contents of this method with the code editor.
            </summary>
        </member>
        <member name="T:EInvoice.AutoUpdater.Properties.Resources">
            <summary>
              A strongly-typed resource class, for looking up localized strings, etc.
            </summary>
        </member>
        <member name="P:EInvoice.AutoUpdater.Properties.Resources.ResourceManager">
            <summary>
              Returns the cached ResourceManager instance used by this class.
            </summary>
        </member>
        <member name="P:EInvoice.AutoUpdater.Properties.Resources.Culture">
            <summary>
              Overrides the current thread's CurrentUICulture property for all
              resource lookups using this strongly typed resource class.
            </summary>
        </member>
        <member name="P:EInvoice.AutoUpdater.Properties.Resources.clock_go">
            <summary>
              Looks up a localized resource of type System.Drawing.Bitmap.
            </summary>
        </member>
        <member name="P:EInvoice.AutoUpdater.Properties.Resources.clock_go_32">
            <summary>
              Looks up a localized resource of type System.Drawing.Bitmap.
            </summary>
        </member>
        <member name="P:EInvoice.AutoUpdater.Properties.Resources.clock_play">
            <summary>
              Looks up a localized resource of type System.Drawing.Bitmap.
            </summary>
        </member>
        <member name="P:EInvoice.AutoUpdater.Properties.Resources.CurrentFileExtracting">
            <summary>
              Looks up a localized string similar to Extracting {0}.
            </summary>
        </member>
        <member name="P:EInvoice.AutoUpdater.Properties.Resources.download">
            <summary>
              Looks up a localized resource of type System.Drawing.Bitmap.
            </summary>
        </member>
        <member name="P:EInvoice.AutoUpdater.Properties.Resources.download_32">
            <summary>
              Looks up a localized resource of type System.Drawing.Bitmap.
            </summary>
        </member>
        <member name="P:EInvoice.AutoUpdater.Properties.Resources.DownloadSpeedMessage">
            <summary>
              Looks up a localized string similar to Downloading at {0}/s.
            </summary>
        </member>
        <member name="P:EInvoice.AutoUpdater.Properties.Resources.FileIntegrityCheckFailedCaption">
            <summary>
              Looks up a localized string similar to Checksum differs.
            </summary>
        </member>
        <member name="P:EInvoice.AutoUpdater.Properties.Resources.FileIntegrityCheckFailedMessage">
            <summary>
              Looks up a localized string similar to File integrity check failed and reported some errors..
            </summary>
        </member>
        <member name="P:EInvoice.AutoUpdater.Properties.Resources.hand_point">
            <summary>
              Looks up a localized resource of type System.Drawing.Bitmap.
            </summary>
        </member>
        <member name="P:EInvoice.AutoUpdater.Properties.Resources.HashAlgorithmNotSupportedCaption">
            <summary>
              Looks up a localized string similar to Unsupported Hash Algorithm.
            </summary>
        </member>
        <member name="P:EInvoice.AutoUpdater.Properties.Resources.HashAlgorithmNotSupportedMessage">
            <summary>
              Looks up a localized string similar to Hash algorithm provided in the XML file is not supported..
            </summary>
        </member>
        <member name="P:EInvoice.AutoUpdater.Properties.Resources.update">
            <summary>
              Looks up a localized resource of type System.Drawing.Bitmap.
            </summary>
        </member>
        <member name="P:EInvoice.AutoUpdater.Properties.Resources.UpdateCheckFailedCaption">
            <summary>
              Looks up a localized string similar to Update Check Failed.
            </summary>
        </member>
        <member name="P:EInvoice.AutoUpdater.Properties.Resources.UpdateCheckFailedMessage">
            <summary>
              Looks up a localized string similar to There is a problem reaching update server. Please check your internet connection and try again later..
            </summary>
        </member>
        <member name="P:EInvoice.AutoUpdater.Properties.Resources.UpdateUnavailableCaption">
            <summary>
              Looks up a localized string similar to Update Unavailable.
            </summary>
        </member>
        <member name="P:EInvoice.AutoUpdater.Properties.Resources.UpdateUnavailableMessage">
            <summary>
              Looks up a localized string similar to There is no update available. Please try again later..
            </summary>
        </member>
        <member name="P:EInvoice.AutoUpdater.Properties.Resources.ZipExtractor">
            <summary>
              Looks up a localized resource of type System.Byte[].
            </summary>
        </member>
        <member name="T:System.IO.Compression.ZipStorer">
            <summary>
            Unique class for compression/decompression file. Represents a Zip file.
            </summary>
        </member>
        <member name="T:System.IO.Compression.ZipStorer.Compression">
            <summary>
            Compression method enumeration
            </summary>
        </member>
        <member name="F:System.IO.Compression.ZipStorer.Compression.Store">
            <summary>Uncompressed storage</summary> 
        </member>
        <member name="F:System.IO.Compression.ZipStorer.Compression.Deflate">
            <summary>Deflate compression method</summary>
        </member>
        <member name="T:System.IO.Compression.ZipStorer.ZipFileEntry">
            <summary>
            Represents an entry in Zip file directory
            </summary>
        </member>
        <member name="F:System.IO.Compression.ZipStorer.ZipFileEntry.Method">
            <summary>Compression method</summary>
        </member>
        <member name="F:System.IO.Compression.ZipStorer.ZipFileEntry.FilenameInZip">
            <summary>Full path and filename as stored in Zip</summary>
        </member>
        <member name="F:System.IO.Compression.ZipStorer.ZipFileEntry.FileSize">
            <summary>Original file size</summary>
        </member>
        <member name="F:System.IO.Compression.ZipStorer.ZipFileEntry.CompressedSize">
            <summary>Compressed file size</summary>
        </member>
        <member name="F:System.IO.Compression.ZipStorer.ZipFileEntry.HeaderOffset">
            <summary>Offset of header information inside Zip storage</summary>
        </member>
        <member name="F:System.IO.Compression.ZipStorer.ZipFileEntry.FileOffset">
            <summary>Offset of file inside Zip storage</summary>
        </member>
        <member name="F:System.IO.Compression.ZipStorer.ZipFileEntry.HeaderSize">
            <summary>Size of header information</summary>
        </member>
        <member name="F:System.IO.Compression.ZipStorer.ZipFileEntry.Crc32">
            <summary>32-bit checksum of entire file</summary>
        </member>
        <member name="F:System.IO.Compression.ZipStorer.ZipFileEntry.ModifyTime">
            <summary>Last modification time of file</summary>
        </member>
        <member name="F:System.IO.Compression.ZipStorer.ZipFileEntry.Comment">
            <summary>User comment for file</summary>
        </member>
        <member name="F:System.IO.Compression.ZipStorer.ZipFileEntry.EncodeUTF8">
            <summary>True if UTF8 encoding for filename and comments, false if default (CP 437)</summary>
        </member>
        <member name="M:System.IO.Compression.ZipStorer.ZipFileEntry.ToString">
            <summary>Overriden method</summary>
            <returns>Filename in Zip</returns>
        </member>
        <member name="F:System.IO.Compression.ZipStorer.EncodeUTF8">
            <summary>True if UTF8 encoding for filename and comments, false if default (CP 437)</summary>
        </member>
        <member name="F:System.IO.Compression.ZipStorer.ForceDeflating">
            <summary>Force deflate algotithm even if it inflates the stored file. Off by default.</summary>
        </member>
        <member name="M:System.IO.Compression.ZipStorer.Create(System.String,System.String)">
            <summary>
            Method to create a new storage file
            </summary>
            <param name="_filename">Full path of Zip file to create</param>
            <param name="_comment">General comment for Zip file</param>
            <returns>A valid ZipStorer object</returns>
        </member>
        <member name="M:System.IO.Compression.ZipStorer.Create(System.IO.Stream,System.String,System.Boolean)">
            <summary>
            Method to create a new zip storage in a stream
            </summary>
            <param name="_stream"></param>
            <param name="_comment"></param>
            <param name="_leaveOpen">true to leave the stream open after the ZipStorer object is disposed; otherwise, false (default).</param>
            <returns>A valid ZipStorer object</returns>
        </member>
        <member name="M:System.IO.Compression.ZipStorer.Open(System.String,System.IO.FileAccess)">
            <summary>
            Method to open an existing storage file
            </summary>
            <param name="_filename">Full path of Zip file to open</param>
            <param name="_access">File access mode as used in FileStream constructor</param>
            <returns>A valid ZipStorer object</returns>
        </member>
        <member name="M:System.IO.Compression.ZipStorer.Open(System.IO.Stream,System.IO.FileAccess,System.Boolean)">
            <summary>
            Method to open an existing storage from stream
            </summary>
            <param name="_stream">Already opened stream with zip contents</param>
            <param name="_access">File access mode for stream operations</param>
            <param name="_leaveOpen">true to leave the stream open after the ZipStorer object is disposed; otherwise, false (default).</param>
            <returns>A valid ZipStorer object</returns>
        </member>
        <member name="M:System.IO.Compression.ZipStorer.AddFile(System.IO.Compression.ZipStorer.Compression,System.String,System.String,System.String)">
            <summary>
            Add full contents of a file into the Zip storage
            </summary>
            <param name="_method">Compression method</param>
            <param name="_pathname">Full path of file to add to Zip storage</param>
            <param name="_filenameInZip">Filename and path as desired in Zip directory</param>
            <param name="_comment">Comment for stored file</param>        
        </member>
        <member name="M:System.IO.Compression.ZipStorer.AddStream(System.IO.Compression.ZipStorer.Compression,System.String,System.IO.Stream,System.DateTime,System.String)">
            <summary>
            Add full contents of a stream into the Zip storage
            </summary>
            <param name="_method">Compression method</param>
            <param name="_filenameInZip">Filename and path as desired in Zip directory</param>
            <param name="_source">Stream object containing the data to store in Zip</param>
            <param name="_modTime">Modification time of the data to store</param>
            <param name="_comment">Comment for stored file</param>
        </member>
        <member name="M:System.IO.Compression.ZipStorer.Close">
            <summary>
            Updates central directory (if pertinent) and close the Zip storage
            </summary>
            <remarks>This is a required step, unless automatic dispose is used</remarks>
        </member>
        <member name="M:System.IO.Compression.ZipStorer.ReadCentralDir">
            <summary>
            Read all the file records in the central directory 
            </summary>
            <returns>List of all entries in directory</returns>
        </member>
        <member name="M:System.IO.Compression.ZipStorer.ExtractFile(System.IO.Compression.ZipStorer.ZipFileEntry,System.String)">
            <summary>
            Copy the contents of a stored file into a physical file
            </summary>
            <param name="_zfe">Entry information of file to extract</param>
            <param name="_filename">Name of file to store uncompressed data</param>
            <returns>True if success, false if not.</returns>
            <remarks>Unique compression methods are Store and Deflate</remarks>
        </member>
        <member name="M:System.IO.Compression.ZipStorer.ExtractFile(System.IO.Compression.ZipStorer.ZipFileEntry,System.IO.Stream)">
            <summary>
            Copy the contents of a stored file into an opened stream
            </summary>
            <param name="_zfe">Entry information of file to extract</param>
            <param name="_stream">Stream to store the uncompressed data</param>
            <returns>True if success, false if not.</returns>
            <remarks>Unique compression methods are Store and Deflate</remarks>
        </member>
        <member name="M:System.IO.Compression.ZipStorer.ExtractFile(System.IO.Compression.ZipStorer.ZipFileEntry,System.Byte[]@)">
            <summary>
            Copy the contents of a stored file into a byte array
            </summary>
            <param name="_zfe">Entry information of file to extract</param>
            <param name="_file">Byte array with uncompressed data</param>
            <returns>True if success, false if not.</returns>
            <remarks>Unique compression methods are Store and Deflate</remarks>
        </member>
        <member name="M:System.IO.Compression.ZipStorer.RemoveEntries(System.IO.Compression.ZipStorer@,System.Collections.Generic.List{System.IO.Compression.ZipStorer.ZipFileEntry})">
            <summary>
            Removes one of many files in storage. It creates a new Zip file.
            </summary>
            <param name="_zip">Reference to the current Zip object</param>
            <param name="_zfes">List of Entries to remove from storage</param>
            <returns>True if success, false if not</returns>
            <remarks>This method only works for storage of type FileStream</remarks>
        </member>
        <member name="M:System.IO.Compression.ZipStorer.Dispose">
            <summary>
            Closes the Zip file stream
            </summary>
        </member>
    </members>
</doc>
